{
    "parent": "item/handheld_rod",
    "textures": {
        "layer0": "item/fishing_rod_0"
    },
    "overrides": [
        {
            "predicate": {
                "cast": 1
            },
            "model": "item/fishing_rod_cast"
        },
        {
            "predicate": {
                "damaged": 1,
                "damage": 0.25
            },
            "model": "item/fishing_rod/fishing_rod_1"
        },
        {
            "predicate": {
                "damaged": 1,
                "damage": 0.5
            },
            "model": "item/fishing_rod/fishing_rod_2"
        },
        {
            "predicate": {
                "damaged": 1,
                "damage": 0.75
            },
            "model": "item/fishing_rod/fishing_rod_3"
        },
        {
            "predicate": {
                "damaged": 1,
                "damage": 0.90
            },
            "model": "item/fishing_rod/fishing_rod_4"
        },
        {
            "predicate": {
                "damaged": 1,
                "damage": 0.25,
                "cast": 1
            },
            "model": "item/fishing_rod/fishing_rod_cast_1"
        },
        {
            "predicate": {
                "damaged": 1,
                "damage": 0.5,
                "cast": 1
            },
            "model": "item/fishing_rod/fishing_rod_cast_2"
        },
        {
            "predicate": {
                "damaged": 1,
                "damage": 0.75,
                "cast": 1
            },
            "model": "item/fishing_rod/fishing_rod_cast_3"
        },
        {
            "predicate": {
                "damaged": 1,
                "damage": 0.90,
                "cast": 1
            },
            "model": "item/fishing_rod/fishing_rod_cast_4"
        }
    ]
}
