{
    "parent": "item/handheld",
    "textures": {
        "layer0": "item/flint_and_steel_0"
    },
    "overrides": [
        {
            "predicate": {
                "damaged": 1,
                "damage": 0.25
            },
            "model": "item/flint_and_steel/flint_and_steel_1"
        },
        {
            "predicate": {
                "damaged": 1,
                "damage": 0.5
            },
            "model": "item/flint_and_steel/flint_and_steel_2"
        },
        {
            "predicate": {
                "damaged": 1,
                "damage": 0.75
            },
            "model": "item/flint_and_steel/flint_and_steel_3"
        },
        {
            "predicate": {
                "damaged": 1,
                "damage": 0.90
            },
            "model": "item/flint_and_steel/flint_and_steel_4"
        }
    ]
}